{"properties":{"connectionReferences":{"shared_commondataserviceforapps":{"runtimeSource":"embedded","connection":{"connectionReferenceLogicalName":"new_sharedcommondataserviceforapps_d9c44"},"api":{"name":"shared_commondataserviceforapps"}}},"definition":{"$schema":"https://schema.management.azure.com/providers/Microsoft.Logic/schemas/2016-06-01/workflowdefinition.json#","contentVersion":"1.0.0.0","parameters":{"$connections":{"defaultValue":{},"type":"Object"},"$authentication":{"defaultValue":{},"type":"SecureObject"}},"triggers":{"manual":{"type":"Request","kind":"PowerApp","inputs":{"schema":{"type":"object","properties":{"Storerequestednumberofresults_Value":{"type":"integer","description":"Enter initial value","x-ms-powerflows-param-ispartial":false},"Storelatitude_Value":{"type":"number","description":"Enter initial value","x-ms-powerflows-param-ispartial":false},"Storelongitude_Value":{"type":"number","description":"Enter initial value","x-ms-powerflows-param-ispartial":false}},"required":["Storerequestednumberofresults_Value","Storelatitude_Value","Storelongitude_Value"]}}}},"actions":{"Store_requested_number_of_results":{"runAfter":{},"type":"InitializeVariable","inputs":{"variables":[{"name":"RequestedNumResults","type":"integer","value":"@triggerBody()['Storerequestednumberofresults_Value']"}]}},"Store_latitude":{"runAfter":{"Store_requested_number_of_results":["Succeeded"]},"type":"InitializeVariable","inputs":{"variables":[{"name":"Latitude","type":"float","value":"@triggerBody()['Storelatitude_Value']"}]}},"Store_longitude":{"runAfter":{"Store_latitude":["Succeeded"]},"type":"InitializeVariable","inputs":{"variables":[{"name":"Longitude","type":"float","value":"@triggerBody()['Storelongitude_Value']"}]}},"Initialize_search_radius":{"runAfter":{"Store_longitude":["Succeeded"]},"type":"InitializeVariable","inputs":{"variables":[{"name":"Search radius","type":"float","value":0.001}]}},"Search_radius_swap":{"runAfter":{"Initialize_search_radius":["Succeeded"]},"type":"InitializeVariable","inputs":{"variables":[{"name":"Search radius swap","type":"float","value":1}]},"description":"Sometimes traditional code is better :)"},"Set_'stop_search'_to_false":{"runAfter":{"Search_radius_swap":["Succeeded"]},"type":"InitializeVariable","inputs":{"variables":[{"name":"Stop search","type":"boolean","value":"@false"}]}},"Set_radius_limit":{"runAfter":{"Set_'stop_search'_to_false":["Succeeded"]},"type":"InitializeVariable","inputs":{"variables":[{"name":"RadiusLimit","type":"float","value":0.02}]}},"Search_until_approximately_one_mile_out":{"actions":{"List_trucks_within_the_current_search_radius":{"runAfter":{},"type":"OpenApiConnection","inputs":{"host":{"connectionName":"shared_commondataserviceforapps","operationId":"ListRecords","apiId":"/providers/Microsoft.PowerApps/apis/shared_commondataserviceforapps"},"parameters":{"entityName":"cred2_foodtruckses","$select":"cred2_value__id","$filter":"cred2_valuelatitude ge @{sub(variables('Latitude'), variables('Search radius'))} and cred2_valuelatitude le @{add(variables('Latitude'), variables('Search radius'))} and cred2_valuelongitude ge @{sub(variables('Longitude'), variables('Search radius'))} and cred2_valuelongitude le @{add(variables('Longitude'), variables('Search radius'))}"},"authentication":{"type":"Raw","value":"@json(decodeBase64(triggerOutputs().headers['X-MS-APIM-Tokens']))['$ConnectionKey']"}}},"Did_we_find_enough_results":{"actions":{"Stop_search":{"runAfter":{},"type":"SetVariable","inputs":{"name":"Stop search","value":"@true"}}},"runAfter":{"List_trucks_within_the_current_search_radius":["Succeeded"]},"else":{"actions":{"Set_search_radius_swap":{"runAfter":{},"type":"SetVariable","inputs":{"name":"Search radius swap","value":"@mul(variables('Search radius'), 2)"}},"Swap_search_radius_value":{"runAfter":{"Set_search_radius_swap":["Succeeded"]},"type":"SetVariable","inputs":{"name":"Search radius","value":"@variables('Search radius swap')"}},"If_search_radius_now_exceeds_a_mile,_set_the_stop_search_flag":{"actions":{"Stop_search_if_radius_has_gotten_too_big":{"runAfter":{},"type":"SetVariable","inputs":{"name":"Stop search","value":"@true"}}},"runAfter":{"Swap_search_radius_value":["Succeeded"]},"expression":{"greaterOrEquals":["@variables('Search radius')","@variables('RadiusLimit')"]},"type":"If"}}},"expression":{"greaterOrEquals":["@length(outputs('List_trucks_within_the_current_search_radius')?['body/value'])","@variables('RequestedNumResults')"]},"type":"If"}},"runAfter":{"Set_radius_limit":["Succeeded"]},"expression":"@equals(variables('Stop search'), true)","limit":{"count":5,"timeout":"PT2M"},"type":"Until"},"Return_the_list_of_located_food_trucks":{"runAfter":{"Search_until_approximately_one_mile_out":["Succeeded"]},"type":"Response","kind":"PowerApp","inputs":{"statusCode":200,"body":{"trucklist":"@{outputs('List_trucks_within_the_current_search_radius')?['body/value']}"},"schema":{"type":"object","properties":{"trucklist":{"title":"TruckList","x-ms-dynamically-added":true,"type":"string"}}}}}},"outputs":{}}},"schemaVersion":"1.0.0.0"}