{"properties":{"connectionReferences":{"shared_commondataserviceforapps":{"runtimeSource":"embedded","connection":{},"api":{"name":"shared_commondataserviceforapps"}}},"definition":{"$schema":"https://schema.management.azure.com/providers/Microsoft.Logic/schemas/2016-06-01/workflowdefinition.json#","contentVersion":"1.0.0.0","parameters":{"$connections":{"defaultValue":{},"type":"Object"},"$authentication":{"defaultValue":{},"type":"SecureObject"}},"triggers":{"Repeat_early_every_morning":{"recurrence":{"frequency":"Day","interval":1,"startTime":"2021-07-10T09:00:00Z"},"type":"Recurrence"}},"actions":{"Get_the_current_full_list_of_permit-approved_food_trucks":{"runAfter":{},"type":"Http","inputs":{"method":"GET","uri":"https://data.sfgov.org/api/odata/v4/rqzj-sfat?$filter=status%20eq%20%27APPROVED%27"},"description":"The approved filter isn't working, so I have to manually skip the non-approved trucks in the dataverse propagation"},"Parse_the_response_into_usable_fields":{"runAfter":{"Get_the_current_full_list_of_permit-approved_food_trucks":["Succeeded"]},"type":"ParseJson","inputs":{"content":"@body('Get_the_current_full_list_of_permit-approved_food_trucks')","schema":{"type":"object","properties":{"@@odata.context":{"type":"string"},"value":{"type":"array","items":{"type":"object","properties":{"__id":{"type":"string"},"objectid":{"type":"integer"},"applicant":{"type":"string"},"facilitytype":{"type":["string","null"]},"cnn":{"type":["integer","null"]},"locationdescription":{"type":["string","null"]},"address":{"type":["string","null"]},"blocklot":{"type":["string","null"]},"block":{"type":["string","null"]},"lot":{"type":["string","null"]},"permit":{"type":["string","null"]},"status":{"type":["string","null"]},"fooditems":{"type":["string","null"]},"x":{"type":["number","null"]},"y":{"type":["number","null"]},"latitude":{"type":["number","null"]},"longitude":{"type":["number","null"]},"schedule":{"type":["string","null"]},"dayshours":{"type":["string","null"]},"noisent":{},"approved":{"type":["string","null"]},"received":{"type":["string","null"]},"priorpermit":{"type":["integer","null"]},"expirationdate":{"type":["string","null"]},"location":{"type":"object","properties":{"type":{"type":["string","null"]},"coordinates":{"type":"array","items":{"type":["number","null"]}}}},"location_address":{"type":["string","null"]},"location_city":{"type":["string","null"]},"location_state":{"type":["string","null"]},"location_zip":{"type":["string","null"]}}}}}}}},"Regenerate_the_table_data":{"foreach":"@body('Parse_the_response_into_usable_fields')?['value']","actions":{"Condition":{"actions":{"Repopulate_the_table":{"runAfter":{},"type":"OpenApiConnection","inputs":{"host":{"connectionName":"shared_commondataserviceforapps","operationId":"CreateRecord","apiId":"/providers/Microsoft.PowerApps/apis/shared_commondataserviceforapps"},"parameters":{"entityName":"cred2_foodtruckses","item/cred2_odatacontext":"@body('Parse_the_response_into_usable_fields')?['@odata.context']","item/cred2_value__id":"@items('Regenerate_the_table_data')?['__id']","item/cred2_valueaddress":"@items('Regenerate_the_table_data')?['address']","item/cred2_valueapplicant":"@items('Regenerate_the_table_data')?['applicant']","item/cred2_valueapproved":"@items('Regenerate_the_table_data')?['approved']","item/cred2_valueblock":"@items('Regenerate_the_table_data')?['block']","item/cred2_valueblocklot":"@items('Regenerate_the_table_data')?['blocklot']","item/cred2_valuecnn":"@items('Regenerate_the_table_data')?['cnn']","item/cred2_valuedayshours":"@items('Regenerate_the_table_data')?['dayshours']","item/cred2_valueexpirationdate":"@items('Regenerate_the_table_data')?['expirationdate']","item/cred2_valuefacilitytype":"@items('Regenerate_the_table_data')?['facilitytype']","item/cred2_valuefooditems":"@items('Regenerate_the_table_data')?['fooditems']","item/cred2_valuelatitude":"@items('Regenerate_the_table_data')?['latitude']","item/cred2_valuelocationdescription":"@items('Regenerate_the_table_data')?['locationdescription']","item/cred2_valuelongitude":"@items('Regenerate_the_table_data')?['longitude']","item/cred2_valuelot":"@items('Regenerate_the_table_data')?['lot']","item/cred2_valuenoisent":"@items('Regenerate_the_table_data')?['noisent']","item/cred2_valuepermit":"@items('Regenerate_the_table_data')?['permit']","item/cred2_valuepriorpermit":"@items('Regenerate_the_table_data')?['priorpermit']","item/cred2_valuereceived":"@items('Regenerate_the_table_data')?['received']","item/cred2_valueschedule":"@items('Regenerate_the_table_data')?['schedule']","item/cred2_valuestatus":"@items('Regenerate_the_table_data')?['status']"},"authentication":"@parameters('$authentication')"}}},"runAfter":{},"expression":{"equals":["@items('Regenerate_the_table_data')?['status']","APPROVED"]},"type":"If"}},"runAfter":{"Once_we_have_successfully_received_a_response,_clear_the_existing_data":["Succeeded"]},"type":"Foreach"},"Once_we_have_successfully_received_a_response,_clear_the_existing_data":{"actions":{"List_existing_food_truck_permits":{"runAfter":{},"type":"OpenApiConnection","inputs":{"host":{"connectionName":"shared_commondataserviceforapps","operationId":"ListRecords","apiId":"/providers/Microsoft.PowerApps/apis/shared_commondataserviceforapps"},"parameters":{"entityName":"cred2_foodtruckses"},"authentication":"@parameters('$authentication')"}},"Delete_existing_food_truck":{"foreach":"@outputs('List_existing_food_truck_permits')?['body/value']","actions":{"Delete_existing_food_truck_permits":{"runAfter":{},"type":"OpenApiConnection","inputs":{"host":{"connectionName":"shared_commondataserviceforapps","operationId":"DeleteRecord","apiId":"/providers/Microsoft.PowerApps/apis/shared_commondataserviceforapps"},"parameters":{"entityName":"cred2_foodtruckses","recordId":"@items('Delete_existing_food_truck')?['cred2_foodtrucksid']"},"authentication":"@parameters('$authentication')"}}},"runAfter":{"List_existing_food_truck_permits":["Succeeded"]},"type":"Foreach"}},"runAfter":{"Parse_the_response_into_usable_fields":["Succeeded"]},"type":"Scope"}}}},"schemaVersion":"1.0.0.0"}